{
  "enableMod": true,
  "showHud": true,
  "showDamageParticles": true,
  "showBar": true,
  "showSecondaryBar": true,
  "showBackgroundBar": true,
  "showName": true,
  "showHealth": true,
  "showArmor": true,
  "showModName": false,
  "showHealthDecimals": false,
  "healthTextFormat": "BOTH",
  "dynamicHeartTexture": true,
  "barStyle": "DEFAULT",
  "distance": 60,
  "xValue": 0.0,
  "yValue": 0.0,
  "scale": 1.0,
  "hideDelay": 40,
  "position": "TOP_LEFT",
  "hudBackgroundOpacity": 0,
  "hudBackgroundColor": "#000000",
  "backgroundBarColor": "#808080",
  "passiveColor": "#00ff00",
  "passiveColorSecondary": "#008000",
  "hostileColor": "#ff0000",
  "hostileColorSecondary": "#800000",
  "neutralColor": "#0000ff",
  "neutralColorSecondary": "#000080",
  "modNameColor": "#5555ff",
  "damageParticleColor": "#fcfcfc",
  "showInvisibleEntities": true,
  "showBosses": false,
  "blacklist": [],
  "barBlacklist": [],
  "damageParticleBlacklist": []
}